{
    "notepad->File": {
        "min": 1809.72,
        "max": 1910.28,
        "avg": 1864.0130000000001,
        "stddev": 32.08653197907872,
        "cold_start": 2512.061595916748,
        "ratio": 1.3476631310601095,
        "hit_rate": 0.0,
        "components": {
            "screenshot": 93.824,
            "lookup": 118.769,
            "ocr_prep": 72.425,
            "ocr_inf": 17.616,
            "match": 0.20800000000000002,
            "move": 202.434,
            "click": 1113.343,
            "verify": 220.97899999999998
        }
    }
}